Workbook

Sheet Resumen
A1: PROYECTO BODYCAM / AERIANEXUS — control de horas
B3: Datos del proyecto
B4: Inicio del proyecto | C4: 46135 | D4: primer commit de BodyCamServer
B5: Último pago recibido | C5: 46227 | D5: cubre hasta la entrega #3 (2026-07-22)
B6: Última entrega | C6: 46243 | D6: BodyCamServer · d4a4709
B7: Fecha de este informe | C7: 46273 | D7: 46 dias desde el pago
B9: Tarifa por hora (rellenar) | C9: 20 | D9: ← escribe aquí tu tarifa; los importes se calculan solos
B11: PENDIENTE DE FACTURAR — desde el pago del 2026-07-24
B12: Aplicación | C12: Bloques | D12: Días activ. | E12: Líneas código | F12: Horas | G12: Importe
B13: BodyCamServer | C13: BC-1, BC-2, BC-3, BC-4, BC-5, ADM | D13: 6 | E13: 6860 | F13: =SUMIFS(Sesiones!$D:$D,Sesiones!$B:$B,"BC",Sesiones!$A:$A,">="&DATE(2026,7,24)) | G13: =F13*Resumen!$C$9
B14: AeriaNexusPrototype | C14: AN-1 | D14: 1 | E14: 799 | F14: =SUMIFS(Sesiones!$D:$D,Sesiones!$B:$B,"AN",Sesiones!$A:$A,">="&DATE(2026,7,24)) | G14: =F14*Resumen!$C$9
B15: TOTAL PROYECTO | C15: 6 | D15: =SUM(D13:D14) | E15: =SUM(E13:E14) | F15: =SUM(F13:F14) | G15: =SUM(G13:G14)
B17: Horas del 09 y 14 de agosto reconstruidas a posteriori (6,0 h cada una). Del 15 de agosto en adelante registradas en tiempo real. El 25 de agosto es el primer dia desde el pago con trabajo en las DOS aplicaciones. Total pendiente de facturar: 26,7 h = 534 EUR.
B19: ACUMULADO TOTAL DEL PROYECTO (todo el histórico)
B20: Aplicación | C20: Horas registradas | D20: Importe
B21: BodyCamServer | C21: =SUMIF(Sesiones!$B:$B,"BC",Sesiones!$D:$D) | D21: =C21*Resumen!$C$9
B22: AeriaNexusPrototype | C22: =SUMIF(Sesiones!$B:$B,"AN",Sesiones!$D:$D) | D22: =C22*Resumen!$C$9
B23: TOTAL | C23: =SUM(C21:C22) | D23: =SUM(D21:D22)
B25: AVISOS
B26: OK - RESUELTO | C26: El conflicto BC-2/CameraController quedo resuelto en el merge: CameraController y RecorderWatch eliminados (sin llamantes).
B27: OK - DIVERGENCIA CERRADA | C27: Merge 06008b2 (2026-08-23): develop contiene todo main y es la rama principal. Grabacion continua con pre-roll de 20 s validada en la unidad fisica.
B28: ℹ NATURALEZA | C28: BC-2 es medicion previa al cifrado, no una funcionalidad terminada; convendria facturarlo como investigacion. La funcionalidad si esta terminada en BC-5 (25-ago): la evidencia sale cifrada y hasheada de la unidad, validado en hardware. BLOQUEADO por decision del manager: custodia de la clave. Hasta que llegue la publica de Nexus la subida envia el MP4 en claro a proposito, porque el servidor no podria abrir un .fev cifrado solo para el Keystore de la unidad.
B30: OBJETIVO DE FACTURACION — cierre de septiembre 2026
B31: Registrado a 2026-09-08 | C31: =Resumen!C23 | D31: =C31*Resumen!$C$9
B32: Objetivo minimo (horas / importe) | C32: 100 | D32: =C32*Resumen!$C$9
B33: Pendiente de generar | C33: =C32-C31 | D33: =C33*Resumen!$C$9
B34: A 30 h/semana las 73,3 h restantes se cubren en ~2,4 semanas: el umbral de 2000 EUR se cruza alrededor del viernes 11 de septiembre de 2026. La ventana 25-ago -> 30-sep (5 semanas + 1 dia) da capacidad para ~154 h = hasta ~181 h acumuladas = ~3614 EUR.

Sheet Sesiones
A1: SESIONES DE TRABAJO — rellena una fila por sesión
A2: Una hora siempre se imputa a UNA app y a UN bloque. Si una sesión toca las dos apps, pártela en dos filas: si no, los subtotales por aplicación dejan de cuadrar.
A3: Fecha | B3: App | C3: Bloque | D3: Horas | E3: Qué se hizo | F3: Commit(s) | G3: Facturado | H3: Origen del dato
A4: 46243 | B4: BC | C4: BC-1 | D4: 6 | E4: Grabación continua: EvidenceStore (buffer en anillo, pre-roll 120 s, segmentos 8 MB), reescritura de RecordingActivity, retirada de CameraController | F4: d4a4709 | G4: No
A5: 46248 | B5: BC | C5: BC-2 | D5: 6 | E5: Cifrado (medicion): CryptoBenchmark (SHA-256 + AES-256-GCM por bloques), RecorderWatch (watchdog de grabaciones largas), endpoint /benchmark, fix de path traversal, 2 scripts Python, testing con videos reales | F5: sin commitear | G5: No
A6: 46249 | B6: BC | D6: 0 | E6: Alta del sistema de seguimiento de horas (cubre las dos apps) | F6: pendiente | G6: No
A7: 46249 | B7: BC | C7: BC-3 | D7: 1.5 | E7: Pantalla en reposo al grabar + cronometro en RecordingActivity. Compilado y desplegado en la unidad | F7: sin commitear | G7: No
A8: 46249 | B8: BC | C8: BC-2 | D8: 3 | E8: Cifrado (medicion): CryptoBenchmark (SHA-256 + AES-256-GCM por bloques) CONTINUACION | F8: sin commitear | G8: No
A9: 46250 | B9: BC | C9: BC-1 | D9: 2 | E9: Funcionalidad Subir a servidor yes/no, visualizacion de tiempo de grabacion | F9: sin commitear | G9: No
A10: 46250 | B10: BC | D10: 3 | E10: Reuniones semana del 17 agosto al 28 | G10: No
A11: 46257 | B11: BC | D11: 0.5 | E11: Analisis del Security Feature List (34 features: 15 viables sin backend, 12 parciales, 7 bloqueadas), ruta de desarrollo hasta fin de septiembre y actualizacion del seguimiento | F11: db04e55 | G11: No
A12: 46257 | B12: BC | C12: BC-4 | D12: 2 | E12: Panel de control: 3 bugs de la pregunta de envio (finish() en paradas redundantes, rebote de F2, arranque de grabacion con la pregunta abierta), rediseno para pantalla de 3 cm con iconos vectoriales, migracion de las dos pantallas a Compose con 8 previews, fullscreen real (tema, inmersivo, insets del decor) | F12: db04e55, a599da9 | G12: No
A13: 46257 | B13: BC | C13: BC-1 | D13: 1 | E13: Grabacion continua integrada en develop (merge de main): anillo + incidentes + manifest sobre la UI Compose. Buffer automatico al abrir, pre-roll de 20 s, LED azul en servicio (LedSignals). Depuracion en la unidad: el parche de armado no habia llegado al disco; ciclo completo grabar->manifest->rearme validado en hardware | F13: 06008b2, 56d5478, 99b42a6, f2e7e52 | G13: No
A14: 46257 | B14: BC | C14: BC-1 | D14: 2 | E14: Evidencia al estandar bodycam, validado en la unidad: identidad del oficial en overlay + manifest (Officer.kt hardcodeado con TODO), un solo MP4 por incidente (IncidentAssembler, remux sin recodificar), rotulo del oficial quemado en los frames (VideoStamper, decode-GL-encode por hardware; el firmware no trae watermark), nombres placa_fecha_hora, numeracion secuencial INC_000001 con contador auto-reparable, .nomedia en el anillo | F14: 671cab7, 48892dd, b00332f, 4373116, a25c0c7 | G14: No
A15: 46259 | B15: BC | C15: BC-5 | D15: 3 | E15: Cifrado y hash de la evidencia (IMPLEMENTACION): formato FEVD v1 documentado como contrato de las dos apps (docs/CRYPTO-FORMAT.md), EvidenceCrypto (AES-256-GCM en bloques de 1 MB con nonce y AAD derivados del indice, mas SHA-256 en la misma pasada), EvidenceKeys (DEK por fichero + envoltorios: Keystore del dispositivo funcional, RSA-OAEP del servidor listo y desactivado), hashes persistidos en el manifest, disparo al cerrar el incidente, descifrador Python de referencia. Validado en la unidad: 20,3 MB cifrados en 397 ms, descifrado en PC identico byte a byte. Version 1.2 (versionCode 3) | F15: 81f0995 | G15: No
A16: 46259 | B16: AN | C16: AN-1 | D16: 3 | E16: Cifrado y hash de la evidencia (PORT AL TELEFONO): EvidenceCrypto y EvidenceKeys identicos byte a byte a los de la bodycam salvo el alias de Keystore, enganche al cerrar la captura, .fev a almacenamiento privado (fuera de la galeria), hashes simulados sustituidos por SHA-256 real. Compila; sin validar en telefono | F16: sin commitear | G16: No
A17: 46260 | B17: BC | C17: BC-6 | D17: 4 | E17: Subida por bloques reanudable en la bodycam: cliente tus 1.0.0 (4 operaciones, backoff, reanudación por offset del servidor), sesión persistida, config por fichero, servidor stub con corte inyectable, contrato para backend. Clave srv: de desarrollo activada — la evidencia deja de subirse en claro. Validado en la unidad: 9 incidentes, 61,9 MB, corte inyectado, corte real de WiFi y reanudación tras reinicio
A18: 46260 | B18: AN | C18: AN-1 | D18: 3 | E18: Destinatario srv: del teléfono alineado con el de la unidad, y validado en hardware: cifra para los dos, el servidor lo abre, el hash de Room es el real
A19: 46260 | B19: AN | C19: AN-1 | D19: 2 | E19: Subida por bloques portada al teléfono: data/upload/ completo, enganche en foto, vídeo y audio, reconciliación del estado de sincronización. Validado: vídeo de 68 MB con corte y reanudación, más dos ficheros retomados solos al arrancar
A20: 46261 | B20: BC | C20: BC-1 | D20: 1 | E20: Inventario de entrega a backend: revisión del contrato de subida, formato de cifrado y manifest. Detectados 4 huecos (esquema del manifest.json sin documentar, falta juego de muestra, endpoint HTTPS + CA, rechazo de kid dev-*)
A21: 46261 | B21: BC | C21: BC-1 | D21: 1 | E21: Firma de release: keystore único de proyecto (PKCS12, RSA 4096), signingConfig vía local.properties, versión 1.2→1.3 (code 4), APK firmado y verificado (v2)
A22: 46261 | B22: AN | C22: AN-1 | D22: 1 | E22: Firma de release con el mismo keystore, versión 1.0→1.1 (code 2), APK firmado y verificado. R8 con minify
A23: 46263 | B23: AN | C23: AN-1 | D23: 3 | E23: Bóveda con contraseña: EvidenceVault, RSA + PBKDF2 + Keystore, destinatarios de clave. Captura fuera de la galería: LocalEvidenceRepository sin MediaStore, borrado del claro. Pantalla Evidence Vault, VaultRepository, entrada desde Profile
A24: 46264 | B24: AN | C24: AN-1 | D24: 2 | E24: reproductor de audio dentro de la app , nota de audio enlazada al cerrar el incidente. Clasificación de la nota de audio + cierre encadenado; pruebas con adb
A25: 46273 | B25: BC | C25: BC-8 | D25: 2.8 | E25: PTT por Agora en la bodycam. Boton F2 medido por logcat (el broadcast solo llega al SOLTAR, el firmware inyecta BACK al segundo de mantenerlo, autorepeat con la Activity en foco): por eso es conmutador y no mantener-para-hablar. Una sola puerta en BtServerService, sesion solo-audio que no toca la camara ni dispara SOS, cesion del microfono al anillo (conflicto de captura medido: warning 1033 / error 1165) y watchdog de captura para que nunca diga ON transmitiendo silencio. Validado en la unidad | F25: sin commitear | G25: No | H25: Marcas de fichero 12:33-16:39; reparto por app estimado
A26: 46273 | B26: AN | C26: AN-4 | D26: 1.5 | E26: Recepcion del PTT en el telefono: excepcion de escucha al uid 9001 (con autoSubscribeAudio=false nadie oia a la bodycam), estado por onRemoteAudioStateChanged tratando FROZEN como voz viva, y banda de aviso PttAvisoOverlay por encima de la navegacion pero por debajo del SOS. Verificado con la W1 y el Redmi a la vez | F26: sin commitear | G26: No | H26: Marcas de fichero 12:33-16:53; reparto por app estimado
A27: 46273 | B27: AN | C27: AN-4 | D27: 0.5 | E27: PTT propio del telefono: boton mantener-para-hablar en Operations, publicacion del microfono en caliente y anuncio ptt_on/ptt_off por el data stream (sin el, la voz sale y no la oye nadie porque el uid del telefono es aleatorio). Compila; sin probar en aparatos. DEVLOG y docs/bodycam-contexto.md actualizados | F27: sin commitear | G27: No | H27: Marcas de fichero 17:40-18:10
C48: TOTAL HORAS | D48: =SUM(D4:D46)

Sheet Bloques
A1: BLOQUES DE TRABAJO — agrupados por aplicación
A3: ID | B3: Aplicación | C3: Nombre | D3: Fecha | E3: Estado | F3: Archivos | G3: Líneas + | H3: Líneas − | I3: Horas | J3: Importe
A4: BC-1 | B4: BodyCamServer | C4: Grabación continua / EvidenceStore | D4: 46243 | E4: Al estandar bodycam (video unico con rotulo), validado en la unidad | F4: 12 | G4: 1027 | H4: 438 | I4: =SUMIF(Sesiones!$C:$C,A4,Sesiones!$D:$D) | J4: =I4*Resumen!$C$9
A5: BC-2 | B5: BodyCamServer | C5: Cifrado — medición | D5: 46248 | E5: Sin commitear (develop) | F5: 7 | G5: 2803 | H5: 0 | I5: =SUMIF(Sesiones!$C:$C,A5,Sesiones!$D:$D) | J5: =I5*Resumen!$C$9
A6: BC-3 | B6: BodyCamServer | C6: Pantalla en reposo + cronometro | D6: 46249 | E6: Sin commitear (develop) | F6: 1 | G6: 90 | H6: 0 | I6: =SUMIF(Sesiones!$C:$C,A6,Sesiones!$D:$D) | J6: =I6*Resumen!$C$9
A7: ADM | B7: BodyCamServer | C7: Administracion (seguimiento de horas) | D7: 46249 | E7: Continuo | F7: 0 | G7: 0 | H7: 0 | I7: =SUMIF(Sesiones!$C:$C,A7,Sesiones!$D:$D) | J7: =I7*Resumen!$C$9
A8: BC-4 | B8: BodyCamServer | C8: Panel de control (UX + Compose) | D8: 46257 | E8: En develop (db04e55, a599da9) | F8: 16 | G8: 978 | H8: 329 | I8: =SUMIF(Sesiones!$C:$C,A8,Sesiones!$D:$D) | J8: =I8*Resumen!$C$9
A9: BC-5 | B9: BodyCamServer | C9: Cifrado y hash de la evidencia (implementacion) | D9: 46259 | E9: En develop (81f0995), validado en la unidad. Version 1.2 en codigo; la unidad corre el binario 1.1 (mismo codigo, compilado antes del salto) | F9: 6 | G9: 1060 | H9: 0 | I9: =SUMIF(Sesiones!$C:$C,A9,Sesiones!$D:$D) | J9: =I9*Resumen!$C$9
C10: Subtotal BodyCamServer | F10: =SUM(F4:F9) | G10: =SUM(G4:G9) | H10: =SUM(H4:H9) | I10: =SUM(I4:I9) | J10: =SUM(J4:J9)
A12: AN-1 | B12: AeriaNexusPrototype | C12: Cifrado y hash de la evidencia (port de FEVD v1) | D12: 46259 | E12: Sin commitear. Compila; sin validar en telefono | F12: 7 | G12: 799 | H12: 46 | I12: =SUMIF(Sesiones!$C:$C,A12,Sesiones!$D:$D) | J12: =I12*Resumen!$C$9
C14: TOTAL PROYECTO | F14: =SUM(F4:F9)+F12 | G14: =SUM(G4:G9)+G12 | H14: =SUM(H4:H9)+H12 | I14: =SUM(I4:I9)+I12 | J14: =SUM(J4:J9)+J12
A16: Las columnas 'Horas' e 'Importe' se calculan solas a partir de la hoja Sesiones. No escribas en ellas.

Sheet Entregas
A1: ENTREGAS Y PAGOS
A3: # | B3: Fecha | C3: Aplicación | D3: Contenido | E3: Commit | F3: Pagado | G3: Fecha de pago
A4: 1 | B4: 46135 | C4: BodyCamServer | D4: Primera subida del servidor | E4: 60448a3 | F4: Sí
A5: 2 | B5: 46213 | C5: AeriaNexusPrototype | D5: Initial commit del prototipo cliente | E5: 6bfbd55 | F5: Sí
A6: 3 | B6: 46225 | C6: AeriaNexusPrototype | D6: Bloqueo de screenrecorder, incidencias locales, versionado automático de debug | E6: 74cba54 | F6: Sí | G6: 46227
A7: 4 | B7: 46243 | C7: BodyCamServer | D7: Grabación continua: EvidenceStore, buffer en anillo, pre-roll de 120 s | E7: d4a4709 | F7: No
B22: El pago del 2026-07-24 cubre hasta la entrega #3. La #4 y el trabajo del 2026-08-14 (bloque BC-2, sin commitear) son posteriores — están pendientes de cobro.

Sheet Historial git
A1: HISTORIAL DE COMMITS — ambas aplicaciones
A2: Datos objetivos sacados de git. Las horas de estas fechas nunca se registraron.
A3: Fecha | B3: Aplicación | C3: Commit | D3: Descripción | E3: Posterior al pago
A4: 46257 | B4: BodyCamServer | C4: a25c0c7 | D4: numeracion secuencial INC_000001 con contador auto-reparable | E4: Sí
A5: 46257 | B5: BodyCamServer | C5: 4373116 | D5: rotulo del oficial quemado en los frames + .nomedia en el anillo | E5: Sí
A6: 46257 | B6: BodyCamServer | C6: b00332f | D6: un incidente = un unico MP4, ensamblado sin recodificar | E6: Sí
A7: 46257 | B7: BodyCamServer | C7: 48892dd | D7: evidencia con nombre placa_fecha_hora al promoverse | E7: Sí
A8: 46257 | B8: BodyCamServer | C8: 671cab7 | D8: identidad del oficial en overlay y manifest | E8: Sí
A9: 46257 | B9: BodyCamServer | C9: 16c498a | D9: arreglos (usuario) | E9: Sí
A10: 46257 | B10: BodyCamServer | C10: f2e7e52 | D10: armar al abrir la app - la pieza de 56d5478 que no llego al disco | E10: Sí
A11: 46257 | B11: BodyCamServer | C11: 99b42a6 | D11: LED por estado real: el azul de buffer ya no se pisa con verde | E11: Sí
A12: 46257 | B12: BodyCamServer | C12: 2ecc7d5 | D12: pre buffer integrado, led azul y armar al abrir la app (seguimiento) | E12: Sí
A13: 46257 | B13: BodyCamServer | C13: 56d5478 | D13: buffer automatico al abrir, pre-roll de 20 s y LED azul en servicio | E13: Sí
A14: 46257 | B14: BodyCamServer | C14: 06008b2 | D14: merge main: grabacion continua con pre-roll sobre la UI nueva de develop | E14: Sí
A15: 46257 | B15: BodyCamServer | C15: a599da9 | D15: botones en pantalla quitados, prebuffer mejorado, ux y enviar a servidor | E15: Sí
... A24: 46215 | B24: BodyCamServer | C24: 116a4c7 | D24: arreglos de grabacion desde telefono | E24: —
A25: 46215
A26: 46215 | B26: BodyCamServer | C26: b69cc42 | D26: bluetooth arreglado y funcionalidad de camara | E26: —
A27: 46215 | B27: AeriaNexusPrototype | C27: a772f1c | D27: foto controlador desde el movil SOS, tooltip | E27: —
A28: 46213 | B28: AeriaNexusPrototype | C28: 6bfbd55 | D28: Initial commit | E28: —
A29: 46213 | B29: BodyCamServer | C29: d8a50e8 | D29: arreglado bug de bluetooth | E29: —
A30: 46190 | B30: BodyCamServer | C30: 560756c | D30: arreglo luces e icono | E30: —
A31: 46189
A32: 46177 | B32: BodyCamServer | C32: cf69bcd | D32: avanzada y arreglada | E32: —
A33: 46175 | B33: BodyCamServer | C33: 16f3d49 | D33: arreglo blue y botones | E33: —
A34: 46139 | B34: BodyCamServer | C34: eb63e85 | D34: muy funcional, falta layout de pantalla de estado | E34: —
A35: 46137 | B35: BodyCamServer | C35: 4797b0a | D35: arreglo server | E35: —
A36: 46135 | B36: BodyCamServer | C36: c99cd77 | D36: new upload | E36: —
A37: 46135 | B37: BodyCamServer | C37: 60448a3 | D37: first commit | E37: —
A39: Total: 20 commits · 13 días naturales con actividad (BodyCamServer 10 · AeriaNexus 5 · 2 días compartidos)

Sheet Detalle archivos
A1: DETALLE DE ARCHIVOS POR BLOQUE
A3: Bloque | B3: Archivo | C3: Líneas | D3: Qué es
A4: BC-1 | B4: EvidenceStore.kt | C4: +290 nuevo | D4: Pieza central: buffer en anillo, pre-roll de 120 s, segmentos de 8 MB, promoción de incidentes por renameTo() sin copiar bytes
A5: BC-1 | B5: RecordingActivity.kt | C5: +485 | D5: Reescritura para grabación continua
A6: BC-1 | B6: CameraController.kt | C6: −257 borrado | D6: Sustituido por el nuevo modelo
A7: BC-1 | B7: FileServerService.kt | C7: +145
A8: BC-1 | B8: UploadService.kt | C8: +106
A9: BC-1 | B9: MainActivity.kt | C9: +74
A10: BC-1 | B10: LivestreamService.kt | C10: +48
A11: BC-1 | B11: BtServerService.kt | C11: +38
A12: BC-1 | B12: Protocol / Preview / Torch / Photo | C12: +22 | D12: Ajustes menores
A13: BC-2 | B13: aes-256Sha256.py | C13: 1280 nuevo | D13: Herramienta de cifrado AES-256 / SHA-256
A14: BC-2 | B14: SampleMP4-Generator.py | C14: 1086 nuevo | D14: Generador de MP4 de prueba
A15: BC-2 | B15: CryptoBenchmark.kt | C15: 230 nuevo | D15: Coste real de hashear y cifrar en la unidad. Cifra por bloques porque Conscrypt acumula todo en Cipher.update() y revienta con OOM al pedirle 256 MB de una vez
A16: BC-2 | B16: RecorderWatch.kt | C16: 134 nuevo | D16: Watchdog de grabaciones largas: detecta la parada silenciosa (encoder muerto sin callback) midiendo si el fichero deja de crecer
A17: BC-2 | B17: FileServerService.kt | C17: +48 | D17: Endpoint GET /benchmark y resolve() que corta el path traversal por ../
A18: BC-2 | B18: CameraController.kt | C18: +13 | D18: Enganche del watch — ⚠ este archivo ya no existe en main
A19: BC-2 | B19: RecordingActivity.kt | C19: +12 | D19: Enganche del watch
